<?xml version="1.0" encoding="ISO-8859-1"?>
<root>
	<item id="Title"><![CDATA[Discuz! Plugin]]></item>
	<item id="Version"><![CDATA[X3.1]]></item>
	<item id="Time"><![CDATA[2013-12-24 14:49]]></item>
	<item id="From"><![CDATA[Discuz! Board (http://discuz3.zwj/)]]></item>
	<item id="Data">
		<item id="plugin">
			<item id="available"><![CDATA[1]]></item>
			<item id="adminid"><![CDATA[1]]></item>
			<item id="name"><![CDATA[超级水印]]></item>
			<item id="identifier"><![CDATA[wk_watermark]]></item>
			<item id="description"><![CDATA[基于discuz现有水印功能，目前可对论坛图片的缩略图添加水印。]]></item>
			<item id="datatables"><![CDATA[]]></item>
			<item id="directory"><![CDATA[wk_watermark/]]></item>
			<item id="copyright"><![CDATA[walkskyer]]></item>
			<item id="version"><![CDATA[V1.0]]></item>
			<item id="__modules">
				<item id="0">
					<item id="name"><![CDATA[wk_watermark]]></item>
					<item id="param"><![CDATA[]]></item>
					<item id="menu"><![CDATA[]]></item>
					<item id="url"><![CDATA[]]></item>
					<item id="type"><![CDATA[11]]></item>
					<item id="adminid"><![CDATA[0]]></item>
					<item id="displayorder"><![CDATA[0]]></item>
					<item id="navtitle"><![CDATA[]]></item>
					<item id="navicon"><![CDATA[]]></item>
					<item id="navsubname"><![CDATA[]]></item>
					<item id="navsuburl"><![CDATA[]]></item>
				</item>
			</item>
		</item>
		<item id="version"><![CDATA[X3.1]]></item>
		<item id="var">
			<item id="0">
				<item id="displayorder"><![CDATA[0]]></item>
				<item id="title"><![CDATA[开启水印功能]]></item>
				<item id="description"><![CDATA[是否开启水印功能，开启后，水印插件将接管系统水印功能。]]></item>
				<item id="variable"><![CDATA[wk_watermark_on]]></item>
				<item id="type"><![CDATA[radio]]></item>
				<item id="value"><![CDATA[]]></item>
				<item id="extra"><![CDATA[]]></item>
			</item>
		</item>
	</item>
</root>